Word,Positive,Negtive
bad,"The service here is very good, please keep it good.","The service is not very good, it may make customer feel bad, please improve it."
wrong,"The service here is very good, please keep it good.","The service is not very good, it may make customer feel bad, please improve it."
rude,"The server here is courtesy, please keep it good.","The waitress is a little rude, it may make customer feel bad, please improve it."
poor,"The service here is very good, please keep it good.","The service is somehow poor, please spend more time on improving service process."
thin,"The service here is very good, please keep it good.","The service is not very good, it may make customer feel bad, please improve it."
cheap,"The service here is very good, please keep it good.","The enviornment seems a bit cheap, it may make customer feel bad, please improve it."
crowded,"The shop is not crowded, it make customers comfortable, keep it.","The shop is  crowded, try to arrange people more suitable to make your shop uncrowded."
mediocre,"The service here is very good, please keep it good.","The service is mediocre, please improve it."
disappointing,"The service here is very good, please keep it good.","The service is not very good, it may make customer feel disappointing, please improve it"
environment,"The environment is very good, people like it very much.","The environment in your shop looks like not very good, you should improve the environment."
air,"The air is very good, people like it very much.","The air in your shop looks like not very good, you should improve the environment."
deliver,"The deliver in your shop is good, keep it.",The deliver in your shop may not be very quick and ordered. Please improve it.
charming,"The service and environment here is charming, please keep it good.","The service is not very good, it may make customer feel bad, please improve it."
disrespectful,"The service here is respectful,  people like it, please keep it good.","The server may be a little disrespectful, it may make customer feel disappointing, please improve it"
unacceptable,"The service here is very good, please keep it good.","The service is not very good, it may make customer unacceptable, please improve it."
upsetting,"The service here does not make people upset, it is very good, please keep it good.","The service is not very good, it may make customer feel bad, please improve it."
weak,"The service here is very good, please keep it good.","The service is not very good, it may make customer feel bad, please improve it."
chic,"The environment is very good, people very like it.","The environment in your shop looks like not very good, you should improve the environment."
lame,"The service here is very good, please keep it good.","The service is not very good, it may make customer feel bad, please improve it."
celebrated,"The service here is very good, please keep it good.","The service is not very good, it may make customer feel bad, please improve it."
unwelcome,"The service here is very good, please keep it good.","The service is not very good, it may make customer feel bad, please improve it."
disturbing,"The service here is very good, please keep it good.","The service is not very good and bad environment disturbs people mind, it may make customer feel bad, please improve it."
romantic,"The environment is romantic, people very like it. Keep it!","The environment in your shop looks like not very good, you should improve the environment."
junky,"In your shop, there is no junky problem. Looks great!","Junky problem in your shop makes people sad, please solve it."
acclaimed,"The service here is acclaimed, please keep it good.","The service is not very good, it may make customer feel bad, please improve it."
offensive,"The service here is very good, please keep it good.","The service is not very good, it may make customer feel bad, please improve it."
displeasing,"The service here is very good, please keep it good.","Customers displease your service and environment, you should improve them."
damaged,"The service here is very good, please keep it good.","The service is not very good, it may make customer feel bad, please improve it."
disconcerting,"The service here is very good, please keep it good.","The service is not very good, it may make customer feel bad, please improve it."
regrettable,"The service here is very good, please keep it good.","The service is not very good, it may make customer feel bad, please improve it."